iteration,MSE_trg,MSE_val,MSE_tst,acc_trg,acc_val,acc_tst,f1_trg,f1_val,f1_tst,elapsed
0,0.12551187377,0.125563410551,0.12547096444,0.266093085933,0.267274737424,0.265118850193,0.394319607619,0.394887012098,0.393355845578,0.208995054
10,0.115936625865,0.115949622351,0.116045880987,0.717528765419,0.715450525152,0.71354339414,0.00341338534682,0.00483325277912,0.00461006530926,2.350711724
20,0.110870793181,0.110691427838,0.110828279772,0.75215092775,0.75221116639,0.752128247651,0,0,0,4.487669089
30,0.0955744867681,0.0955175731682,0.0955649020235,0.75215092775,0.75221116639,0.752128247651,0,0,0,6.685129813
40,0.101457565474,0.101521660007,0.10149956491,0.75215092775,0.75221116639,0.752128247651,0,0,0,8.775455421
50,0.0931891037943,0.0926337327959,0.0928399940432,0.75215092775,0.75221116639,0.752128247651,0,0,0,10.970942984
60,0.092120152675,0.0916882179532,0.0918019335873,0.75215092775,0.75221116639,0.752128247651,0,0,0,13.154777858
70,0.0987160168712,0.0986317005698,0.0985613366381,0.75215092775,0.75221116639,0.752128247651,0,0,0,15.217623354
80,0.0935300191031,0.093328458839,0.0933902523659,0.75215092775,0.75221116639,0.752128247651,0,0,0,17.331282735
90,0.0951992371194,0.0950173522866,0.0948863217156,0.75215092775,0.75221116639,0.752128247651,0,0,0,19.454499754
100,0.0856105263933,0.0853264488299,0.0853962929222,0.75215092775,0.75221116639,0.752128247651,0,0,0,21.597346663
110,0.0915336979222,0.0913079319413,0.0910794836943,0.75215092775,0.75221116639,0.752128247651,0,0,0,23.820105564
120,0.0942281347847,0.093929959228,0.0939467057818,0.75215092775,0.75221116639,0.752128247651,0,0,0,25.970875726
130,0.0891405198371,0.0889231936224,0.0888453438917,0.75215092775,0.75221116639,0.752128247651,0,0,0,28.06121714
140,0.0920835329238,0.0920063895355,0.0917377172729,0.75215092775,0.75221116639,0.752128247651,0,0,0,30.162291743
150,0.0892827313234,0.0891236400058,0.0891159701965,0.75215092775,0.75221116639,0.752128247651,0,0,0,32.249915883
160,0.095035342061,0.0948722865094,0.0949277027856,0.75215092775,0.75221116639,0.752128247651,0,0,0,34.390979222
170,0.0873388653013,0.0871782207351,0.0870876479944,0.75215092775,0.75221116639,0.752128247651,0,0,0,36.464278669
180,0.0936705318519,0.0937788056554,0.0935351459587,0.75215092775,0.75221116639,0.752128247651,0,0,0,38.599970537
190,0.0918645350228,0.0918245831211,0.091733151381,0.75215092775,0.75221116639,0.752128247651,0,0,0,40.705413686
200,0.0915735560925,0.0917295040219,0.0910405160799,0.75215092775,0.75221116639,0.752128247651,0,0,0,42.693987053
210,0.0861880439583,0.0865393881417,0.0862170566489,0.75215092775,0.75221116639,0.752128247651,0,0,0,44.756715118
220,0.0848986702546,0.085094168107,0.0847214920926,0.75215092775,0.75221116639,0.752128247651,0,0,0,46.909799399
230,0.0850268108485,0.0850728409461,0.0847355855921,0.75215092775,0.75221116639,0.752128247651,0,0,0,48.96835806
240,0.0845357188499,0.0848196651631,0.0844441161208,0.75215092775,0.75221116639,0.752128247651,0,0,0,51.102367886
250,0.0853039113613,0.0851137364582,0.0850276512675,0.75215092775,0.75221116639,0.752128247651,0,0,0,53.211139983
260,0.0881729269056,0.0882515563287,0.0880446289261,0.75215092775,0.75221116639,0.752128247651,0,0,0,55.276681581
270,0.0808094637655,0.0809771628002,0.0805785400687,0.75215092775,0.75221116639,0.752128247651,0,0,0,57.32245425
280,0.0842498685274,0.0843667049815,0.0839289889704,0.75215092775,0.75221116639,0.752128247651,0,0,0,59.331470055
290,0.0818638776845,0.0815052341855,0.0815633382435,0.75215092775,0.75221116639,0.752128247651,0,0,0,61.435166883
300,0.0835218112195,0.0831727623213,0.0830723344566,0.75215092775,0.75221116639,0.752128247651,0,0,0,63.450989577
310,0.0834254049717,0.0832944917545,0.0829942848936,0.75215092775,0.75221116639,0.752128247651,0,0,0,65.525703809
320,0.0877364760936,0.0870860820534,0.0873089794395,0.75215092775,0.75221116639,0.752128247651,0,0,0,67.530222839
330,0.0839148189415,0.0841150537778,0.0836002480724,0.75215092775,0.75221116639,0.752128247651,0,0,0,69.600059826
340,0.084030062695,0.0834314960126,0.0836494476538,0.75215092775,0.75221116639,0.752128247651,0,0,0,71.749848883
350,0.084180175021,0.0836750478411,0.0839707425555,0.75215092775,0.75221116639,0.752128247651,0,0,0,73.891939968
360,0.0855196565617,0.085241764902,0.0853220833071,0.75215092775,0.75221116639,0.752128247651,0,0,0,75.965494117
370,0.0832092073644,0.0826034772334,0.0823445746494,0.75215092775,0.75221116639,0.752128247651,0,0,0,77.960612505
380,0.0841401816526,0.084292797303,0.0839643211244,0.75215092775,0.75221116639,0.752128247651,0,0,0,80.123514156
390,0.0844605758967,0.0844338472395,0.0840784534624,0.75215092775,0.75221116639,0.752128247651,0,0,0,82.187108575
400,0.0809817825741,0.0808241729864,0.0806334443419,0.75215092775,0.75221116639,0.752128247651,0,0,0,84.1883704
410,0.0794554241872,0.0792317900575,0.0790152127716,0.75215092775,0.75221116639,0.752128247651,0,0,0,86.27814249
420,0.0849087015185,0.0851494070062,0.0845741528952,0.75215092775,0.75221116639,0.752128247651,0,0,0,88.397590804
430,0.0876415450827,0.0878504514314,0.0873176734764,0.75215092775,0.75221116639,0.752128247651,0,0,0,90.490112326
440,0.0806788164524,0.0807614207176,0.0798826193303,0.75215092775,0.75221116639,0.752128247651,0,0,0,92.552649261
450,0.0848182415818,0.0846498265541,0.0837585296544,0.731730071525,0.726782752902,0.737423991155,0.543723554302,0.536024407416,0.552983248635,94.664121919
460,0.0798599049056,0.0800238109074,0.0790440589839,0.75215092775,0.75221116639,0.752128247651,0,0,0,96.674751648
470,0.0807759987069,0.0802900542687,0.0801862731673,0.746035036799,0.747512437811,0.748922056385,0.0572088250385,0.0518941359626,0.0764538430256,98.831238383
480,0.0819535723219,0.0822211628518,0.0814383908883,0.75215092775,0.75221116639,0.752128247651,0,0,0,100.889929086
490,0.086431944689,0.0860567005186,0.0858558425523,0.713002315055,0.715174129353,0.714427860697,0.282852702469,0.268370607029,0.278693102485,103.130499543
500,0.080600140144,0.0806706210692,0.0799104192807,0.758612349262,0.754698728579,0.756108347153,0.41578859341,0.403361344538,0.411105178857,105.227626734
510,0.0781456451784,0.078321229268,0.0777007150934,0.75215092775,0.75221116639,0.752128247651,0,0,0,107.352018284
520,0.0772643491728,0.0772509766713,0.0767123621702,0.75215092775,0.75221116639,0.752128247651,0,0,0,109.445082444
530,0.0798060057331,0.0799671667663,0.079688104656,0.75215092775,0.75221116639,0.752128247651,0,0,0,111.501482527
540,0.0827619477665,0.0824611213195,0.0826397399409,0.75215092775,0.75221116639,0.752128247651,0,0,0,113.617458931
550,0.0794880591487,0.0789963966266,0.0788890737133,0.75215092775,0.75221116639,0.752128247651,0,0,0,115.7545188
560,0.0790697769694,0.0792891534738,0.0784465684199,0.75215092775,0.75221116639,0.752128247651,0,0,0,117.868243776
570,0.0777356547467,0.0777739796439,0.0771764304984,0.75215092775,0.75221116639,0.752128247651,0,0,0,120.058563552
580,0.0774713609904,0.0775829265714,0.0768261306595,0.75215092775,0.75221116639,0.752128247651,0,0,0,122.229606702
590,0.077240561177,0.0774108139516,0.0765616492262,0.75215092775,0.75221116639,0.752128247651,0,0,0,124.28064122
600,0.0785097502566,0.0785156734957,0.078033725524,0.75215092775,0.75221116639,0.752128247651,0,0,0,126.443634062
610,0.0777951188525,0.0781643460972,0.0776188093894,0.75215092775,0.75221116639,0.752128247651,0,0,0,128.52144981
620,0.078580139535,0.078824656301,0.0782326668338,0.75215092775,0.75221116639,0.752128247651,0,0,0,130.516655926
630,0.0780290117367,0.0784946359891,0.0778866326233,0.75215092775,0.75221116639,0.752128247651,0,0,0,132.648416342
640,0.0804129031393,0.0814159694275,0.0803452958549,0.75215092775,0.75221116639,0.752128247651,0,0,0,134.8246044
650,0.0781143714293,0.0781767227914,0.0776558035159,0.75215092775,0.75221116639,0.752128247651,0,0,0,136.863642159
660,0.0755583617705,0.0759786696395,0.075034266187,0.766006703293,0.765339966833,0.769043670536,0.265509761388,0.263020833333,0.277412659979,139.033465862
670,0.0754420229676,0.0759003391036,0.0750079380964,0.765972150237,0.766583747927,0.767606412383,0.290859595854,0.285230639018,0.298397863818,141.138577749
680,0.0744053845318,0.0747325771663,0.0738867970123,0.772675443143,0.77501381979,0.774350469873,0.25399705182,0.269955156951,0.26767133118,143.153075212
690,0.08005832699,0.0800751078717,0.0796133498148,0.75215092775,0.75221116639,0.752128247651,0,0,0,145.200697562
700,0.0758485748472,0.0763052498937,0.075074962151,0.772018935075,0.771973466003,0.773134328358,0.35879494655,0.34988179669,0.36233685519,147.31154679
710,0.0757994687533,0.0764537807105,0.0752880558681,0.769358349746,0.771697070205,0.77037037037,0.240527932643,0.249090909091,0.247736327418,149.492854184
720,0.0747565776248,0.0750816402762,0.0742974622592,0.764451815763,0.765478164732,0.768490878939,0.163455638729,0.161146811666,0.18203125,151.571763365
730,0.0777822013555,0.0770943906305,0.0769816923445,0.756366400608,0.756633499171,0.75677169707,0.0632390062442,0.0577849117175,0.0764063811923,153.784812006
740,0.0768348965933,0.0775781913698,0.0764097771678,0.777892954632,0.770315091211,0.778330569375,0.440362180045,0.424515235457,0.447810520518,155.775614964
750,0.0779813948319,0.0781447448984,0.077293452448,0.760961957085,0.763266998342,0.763847429519,0.11872611465,0.130898021309,0.127450980392,157.868383794
760,0.0744214298573,0.0752334077672,0.0741387481579,0.784423482257,0.780818131564,0.785959093422,0.416097332709,0.410408921933,0.426879810539,160.030058676
770,0.0771396177745,0.0780018801292,0.0766670464861,0.777409211845,0.76810392482,0.776229961305,0.501855861429,0.482098765432,0.49900990099,162.127151943
780,0.0741581142743,0.0750366915957,0.0737391974596,0.786738537024,0.78178551686,0.784632393588,0.501856335755,0.487171159467,0.495336787565,164.232787239
790,0.0738842203886,0.0756851917225,0.0738210526913,0.790746691545,0.784273079049,0.791155334439,0.395246654683,0.378830083565,0.400888043134,166.302615424
800,0.0750838530256,0.0766251439035,0.0746030241509,0.783352337514,0.773770038695,0.78407960199,0.422651933702,0.39882482556,0.424742268041,168.392756514
810,0.0744400289163,0.0754601233215,0.073993043091,0.78421616392,0.778192371476,0.787175234936,0.410459737563,0.393194706994,0.423480083857,170.482710876
820,0.0734315397498,0.0741812851913,0.0729612709781,0.788673508172,0.782476506357,0.789054726368,0.46199859254,0.445774647887,0.463140123804,172.551516644
830,0.0741294105769,0.0751048619505,0.073633538054,0.784043398639,0.776810392482,0.785295743505,0.432231104651,0.410798978475,0.433819241983,174.574795544
840,0.0759771865313,0.0766425902149,0.075651142053,0.779586054387,0.7726644555,0.777446102819,0.283982489617,0.267912772586,0.286423254165,176.74347764
850,0.0752886912766,0.0761572291185,0.0746832439559,0.78521820255,0.782476506357,0.787506909895,0.372374798061,0.368885324779,0.385942492013,178.864105512
860,0.0760525048463,0.0771480841018,0.0759963653385,0.778376697419,0.773770038695,0.775787728027,0.393188268685,0.387120928491,0.394265232975,180.935593833
870,0.0776150382282,0.0782856444219,0.0775802507929,0.762620503784,0.766030956329,0.764179104478,0.107792207792,0.119604784191,0.112359550562,183.066489556
880,0.0759349602604,0.0769034543804,0.0759172007833,0.771569745344,0.773493642897,0.773244886678,0.257774783878,0.270582999555,0.279592553565,185.144437812
890,0.0758070996345,0.0768654636134,0.0758556799889,0.780622646073,0.77736318408,0.778883360973,0.325793777211,0.318239526026,0.337748344371,187.268684798
900,0.0759396947444,0.0774160979399,0.0761667014997,0.787671469541,0.777639579878,0.783195135434,0.426290729157,0.406053894426,0.415499254844,189.361318576
910,0.0766528988827,0.0775370585839,0.076415427756,0.767250613317,0.766860143726,0.769375345495,0.159680638723,0.15607803902,0.174188440222,191.434111986
920,0.0774843924745,0.0779153436944,0.0770955820128,0.767596143879,0.768794914317,0.769485903814,0.155237377543,0.156328794755,0.171632896305,193.658897776
930,0.0783962891301,0.0793341744479,0.0781850944688,0.766801423586,0.767965726921,0.768933112217,0.139926086402,0.141176470588,0.155896607431,195.747143721
940,0.0779293315432,0.0786628011581,0.0778100992047,0.765799384956,0.766721945826,0.766832504146,0.137439552049,0.137895812053,0.148566814695,197.852337704
950,0.0768087458363,0.0777642241312,0.0766296430472,0.76265505684,0.759397457159,0.763405196241,0.179820895522,0.169766332856,0.194883370956,199.962409795
960,0.0771793702922,0.0786929910153,0.0772842664664,0.779378736049,0.775843007186,0.780873410724,0.310251701415,0.300862068966,0.325850340136,202.075028468
970,0.0785594927819,0.080013302808,0.0787362704365,0.774230330673,0.770591487009,0.774239911553,0.291015625,0.279513888889,0.302118933698,204.108591634
980,0.0760501805796,0.0772239323547,0.0760524776718,0.775405134584,0.767689331122,0.772581536761,0.461920529801,0.445763270689,0.460529766588,206.251789289
990,0.0741706978545,0.0753498548313,0.0740439460797,0.784630800594,0.778192371476,0.783969043671,0.352819021908,0.333748443337,0.356389986825,208.30705819
1000,0.0758884290833,0.076968735338,0.0760513341257,0.78210842749,0.774322830293,0.778551686014,0.313968668407,0.287832533799,0.308117443869,210.358594429
1010,0.0775328092323,0.0790182814796,0.0776734202026,0.782626723334,0.776672194583,0.782089552239,0.396083325334,0.388342165026,0.398167938931,212.439537123
1020,0.0797279674162,0.0814182861936,0.0800481271436,0.772433571749,0.766860143726,0.770702045329,0.313386155129,0.301449275362,0.318211702827,214.546078282
1030,0.080224505603,0.081935794329,0.0805280058568,0.767838015272,0.762023217247,0.765726920951,0.305816716603,0.293683347006,0.310445818418,216.581381221
1040,0.081359428558,0.0825142418546,0.0810196560819,0.757368439238,0.748065229409,0.752791597568,0.407726045884,0.380984719864,0.405951115834,218.637028686
1050,0.0809600178749,0.0831612150661,0.0816541305705,0.771120555613,0.762714206744,0.767606412383,0.363444166827,0.347396427214,0.359926918392,220.730177199
1060,0.0818386556612,0.0830946906691,0.081666923259,0.757852182026,0.749861802101,0.752570480929,0.419675389202,0.393837910248,0.41043203372,222.857742797
1070,0.0826278132773,0.0847176514448,0.0830204961193,0.748730175184,0.743642896628,0.741846323936,0.406851549755,0.387990762125,0.396484879814,224.935032787
1080,0.104179884883,0.104877196486,0.103895590594,0.631457102381,0.626451077944,0.637479270315,0.525407137136,0.514285714286,0.52772576696,227.051658836
1090,0.084136026924,0.0855028231998,0.0837234059393,0.735358142428,0.729823106689,0.736650082919,0.443992740472,0.420053396618,0.445013979497,229.171374149
1100,0.0819034061336,0.0843996456672,0.0824474197642,0.769427455858,0.761885019348,0.766943062465,0.279917988562,0.258924731183,0.283480625425,231.305448558
1110,0.0911420958665,0.0916806188667,0.0905096571095,0.701150616772,0.69085129906,0.696738529574,0.480821177742,0.463934819075,0.476226847432,233.451279254
1120,0.0841811768637,0.0858431511631,0.0843690616549,0.724024739988,0.718352681039,0.721945826423,0.454253501879,0.433888888889,0.449792168016,235.529556247
1130,0.081223455697,0.0835979372333,0.0816327329773,0.748557409903,0.741293532338,0.751022664456,0.435410039569,0.416458852868,0.440357852883,237.64974266
1140,0.0783275665684,0.0803387814849,0.0787364605603,0.75982170623,0.750829187396,0.759314538419,0.459276546091,0.441968430826,0.462070669632,239.772351026
1150,0.0780011110083,0.0790877604499,0.0776204919585,0.753014754155,0.74101713654,0.749364289663,0.439108600126,0.408085912824,0.435648493901,241.852684057
1160,0.0760372907566,0.0780534080571,0.0759215454757,0.783697868076,0.780265339967,0.788391376451,0.415281150757,0.401355421687,0.430017867778,243.990555319
1170,0.0819785871468,0.0839467400638,0.0822093571121,0.740713866141,0.732587064677,0.73864013267,0.465450918934,0.438316400581,0.460766423358,246.073199305
1180,0.0837827539274,0.0856858104357,0.0839485379602,0.734010573235,0.724018794914,0.732891100055,0.46332961517,0.434437836307,0.459023734886,248.217623801
1190,0.0789713382015,0.0799887712679,0.0784673708433,0.772295359525,0.768933112217,0.777003869541,0.352015732547,0.337559429477,0.371455282019,250.361199785
1200,0.0858045700759,0.0872711837501,0.0854517977074,0.728965827027,0.716832504146,0.723935876175,0.46769815418,0.436623590872,0.459874540342,252.418605181
1210,0.077684601368,0.0798085351302,0.0775957796219,0.767181507204,0.760226644555,0.766721945826,0.443784051511,0.429088515959,0.446775039329,254.434318996
1220,0.0798990482493,0.0820473040143,0.0796759452873,0.750077744376,0.737838584854,0.745605306799,0.497254465837,0.468180543874,0.490816552335,256.560177804
1230,0.0771760296505,0.0791626606577,0.0770303842002,0.768148992778,0.760641238253,0.767938087341,0.493355481728,0.476104053237,0.494094962642,258.719983409
1240,0.0772465101633,0.079303802209,0.0771003397429,0.771811616738,0.761194029851,0.7728026534,0.479261946065,0.457967377666,0.48223733938,260.820559818
1250,0.0755792374053,0.077414286739,0.0751180375368,0.771569745344,0.762990602543,0.771254836926,0.478586639325,0.459502048535,0.479758612019,262.94518452
1260,0.079465903739,0.0807000988761,0.0786809780547,0.749352130196,0.748203427308,0.755887230514,0.526315789474,0.520273828331,0.531806615776,265.117688047
1270,0.0750039824435,0.077141165218,0.0747139949807,0.778722227981,0.770315091211,0.780320619127,0.45636672326,0.437373053487,0.464853218422,267.120939799
1280,0.0782910814469,0.0805802759747,0.078024069242,0.764590027988,0.757048092869,0.765174129353,0.471819520893,0.457072266831,0.475555555556,269.350180152
1290,0.0787990678278,0.0809206097931,0.0785581186825,0.750699699388,0.74101713654,0.750912106136,0.470847084708,0.450762016413,0.471746776084,271.488992754
1300,0.0757711424144,0.0769575488338,0.0751018093301,0.775370581528,0.770315091211,0.77269209508,0.356272898307,0.344119968429,0.349367088608,273.592579265
1310,0.0757413569497,0.0773072789169,0.0753860837054,0.776476279327,0.772111663903,0.777667219458,0.453308543903,0.439306358382,0.459263242807,275.640295125
1320,0.0753779778341,0.0765343013822,0.07472466274,0.780553539961,0.776395798784,0.779325594251,0.392887869229,0.383853769992,0.389228886169,277.830341876
1330,0.0759552692504,0.0776231763707,0.0754375411659,0.771535192288,0.767412935323,0.773134328358,0.423439134984,0.415015641293,0.435332966428,279.98412773
1340,0.07577912447,0.0780201133925,0.0750836783247,0.765246536056,0.755251520177,0.766611387507,0.499926394818,0.480187848547,0.498931877522,282.047311798
1350,0.0746188874471,0.0763334871408,0.0739973509646,0.777167340451,0.769900497512,0.780431177446,0.428026607539,0.411868597669,0.440248027057,284.133397626
1360,0.075759867313,0.0769339905478,0.0751992126435,0.776027089596,0.773770038695,0.775898286346,0.336947626841,0.338585858586,0.335191866186,286.374579367
1370,0.0756873555829,0.0764096193902,0.0746045446512,0.776234407933,0.770038695412,0.775345494748,0.315143824027,0.30492898914,0.314439946019,288.505882073
1380,0.0767768794187,0.0776963353304,0.0759246962047,0.77315918593,0.767689331122,0.771918186844,0.310905846541,0.299875052062,0.307950352231,290.620780015
1390,0.0749448191377,0.0761833902718,0.0744367737265,0.780208009398,0.77722498618,0.780099502488,0.430579178229,0.426334519573,0.436703483432,292.675412195
1400,0.0752881317357,0.0768697170397,0.0746903078765,0.779482395218,0.774599226092,0.778772802653,0.409292854498,0.396149574232,0.413024347316,294.710368004
1410,0.074189275046,0.075587204964,0.0733884539283,0.783145019177,0.780956329464,0.788170259812,0.346658338538,0.339858392337,0.369736842105,296.762334926
1420,0.0755634759473,0.077516464223,0.0753723426315,0.768943713071,0.763128800442,0.769043670536,0.506676503135,0.490790255496,0.502737443466,298.83692353
1430,0.0752713434125,0.0764813142608,0.074962914104,0.783559655852,0.779712548369,0.785516860144,0.392434529583,0.378799688231,0.399008674102,301.014483425
1440,0.075220969399,0.0765068038493,0.0747445851851,0.785149096438,0.781094527363,0.787617468214,0.381662688942,0.369928400955,0.393815083623,303.120249046
1450,0.0773387979411,0.0789628523241,0.0774138243521,0.768598182509,0.764787175235,0.770149253731,0.429799914857,0.412698412698,0.43795620438,305.25385745
1460,0.0760712848974,0.0778671615277,0.0757891152877,0.779482395218,0.769762299613,0.781426202322,0.436617231638,0.415438596491,0.442313117066,307.389199172
1470,0.0755509711508,0.0769066363493,0.0751483904658,0.786945855361,0.784549474848,0.790270867883,0.394778170397,0.386944553677,0.405515512379,309.435308579
1480,0.0756688257616,0.0771983984649,0.0750313980908,0.784769012819,0.780679933665,0.787285793256,0.416268390966,0.405840509173,0.424296828247,311.435532233
1490,0.0797100815717,0.0823616412593,0.0804419910817,0.75954528178,0.748203427308,0.756218905473,0.430104004586,0.399472643375,0.421411702965,313.59119633
1500,0.079374753589,0.0820232906746,0.0796588801497,0.774817732628,0.772388059701,0.777556661139,0.388362271234,0.37825594564,0.395432692308,315.721720585
1510,0.0784742688418,0.0807293429215,0.0789396193376,0.784423482257,0.776119402985,0.785959093422,0.421618615,0.39552238806,0.428908554572,317.884545831
1520,0.0802344505161,0.0823932382614,0.0808375408807,0.772502677862,0.765201768933,0.769596462134,0.427279053584,0.40365040365,0.419498607242,320.045741142
1530,0.0790821768358,0.0816586782546,0.0798410017704,0.76776890916,0.762299613046,0.763184079602,0.420053499008,0.39606741573,0.407960199005,322.183584031
1540,0.0800881791121,0.0822076328174,0.0805852454132,0.779758819668,0.774046434494,0.778662244334,0.446989415235,0.431304347826,0.450302031851,324.230796282
1550,0.080492741473,0.0834376863561,0.0810996165567,0.771016896444,0.759950248756,0.77048092869,0.405916629314,0.381189882437,0.40922026181,326.378310743
1560,0.0800829667267,0.0828640027196,0.0805643131074,0.767907121385,0.757739082366,0.768822553897,0.401176785237,0.38034641216,0.411814345992,328.474368337
1570,0.0819233760083,0.0845617379545,0.0828421875121,0.779793372724,0.771282476506,0.777114427861,0.336905628967,0.307820995399,0.333773959022,330.58672927
1580,0.0807934454146,0.0836667935878,0.0812082907137,0.782730382502,0.773631840796,0.782200110558,0.387731256086,0.355625491739,0.391975308642,332.732401255
1590,0.0761338658867,0.079169958657,0.0762544791652,0.783179572233,0.774322830293,0.783195135434,0.367375743523,0.341797662233,0.371675744954,334.864602629
1600,0.0820863673566,0.0852240371443,0.0829221873048,0.765592066618,0.75456053068,0.761194029851,0.385173101323,0.355119825708,0.377162629758,336.975003102
1610,0.07986975097,0.0820665984805,0.0806383839601,0.767077848036,0.758568269762,0.764068546158,0.365791701948,0.342491531803,0.364123957092,339.116317325
1620,0.078370797365,0.0807378902172,0.0783578867765,0.77626896099,0.767689331122,0.7773355445,0.340429866558,0.316944331573,0.346528228423,341.192345921
1630,0.0756421185429,0.0782018456229,0.0754025679608,0.775128710134,0.763819789939,0.775124378109,0.434775056453,0.400981423063,0.4375,343.301183063
1640,0.0784170332524,0.0807095536419,0.0788439631079,0.776096195709,0.768380320619,0.774239911553,0.349789283564,0.325281803543,0.348020434227,345.39768848
1650,0.0769115471447,0.0787390128768,0.0767337627968,0.774368542898,0.767136539525,0.77490326147,0.44434989789,0.418363824646,0.444323144105,347.541765966
1660,0.0770357130392,0.0787690849798,0.0771658168648,0.761756677378,0.756495301271,0.764731896075,0.428985507246,0.405131667792,0.434643995749,349.682397388
1670,0.076633383347,0.0785813836441,0.0767432061958,0.764244497426,0.756495301271,0.764953012714,0.451747689835,0.424934725849,0.451496388029,351.878889942
1680,0.0787043697202,0.0801347373746,0.078455744774,0.775128710134,0.77045328911,0.777446102819,0.319816053512,0.304147465438,0.332780908187,353.898177702
1690,0.0800871477254,0.0825602689138,0.0801967963209,0.782142980547,0.772388059701,0.781315644002,0.342064071794,0.314606741573,0.340226817879,355.91809974
1700,0.0808240911789,0.0828560351859,0.0814574639646,0.753844027504,0.74765063571,0.75223880597,0.414626129827,0.391333333333,0.408551068884,357.938778992
1710,0.0786477127133,0.0811747168935,0.0788419143343,0.758232265644,0.748618021006,0.756440022112,0.434494463752,0.406912292142,0.432947232947,360.099607197
1720,0.0795852862495,0.0822391082027,0.0794625685806,0.760236342905,0.749723604201,0.760641238253,0.452544378698,0.426354133671,0.449249554821,362.261700539
1730,0.0779535994684,0.0800554504216,0.0781418288266,0.779758819668,0.771697070205,0.777003869541,0.337972579975,0.311092577148,0.338905276958,364.392577249
1740,0.0787296974252,0.0810692135143,0.0792333981018,0.76493555855,0.757048092869,0.764400221117,0.409615551506,0.38488453464,0.408548431862,366.41961648
1750,0.0799995203656,0.0820815392497,0.0799804057485,0.74365087592,0.736042012161,0.74328358209,0.494928177548,0.471499723298,0.492791612058,368.551878767
1760,0.076005170315,0.0776355835055,0.0759888603918,0.77955150133,0.768380320619,0.779325594251,0.405959031657,0.376951672862,0.415005861665,370.615823198
1770,0.0810618385127,0.0839966574704,0.0818511943814,0.762827822121,0.753040353787,0.759425096739,0.397260273973,0.374956278419,0.39217877095,372.725041973
1780,0.0790273066254,0.0814975014208,0.0793478826777,0.757437545351,0.750276395799,0.757656163626,0.333459931637,0.309514711502,0.341346153846,374.838766459
1790,0.0799048120575,0.0822973517401,0.0798167414545,0.764970111606,0.758291873964,0.764179104478,0.342801932367,0.327566320646,0.348304307974,376.936134554
1800,0.0761244992611,0.0772784271684,0.075713740713,0.760650979579,0.759950248756,0.75898286346,0.482093457944,0.467014421602,0.471643238003,379.190392111
1810,0.0774109466922,0.0782671673162,0.0766782947585,0.76393351992,0.762161415146,0.766943062465,0.51601020119,0.501303969864,0.516069788797,381.324621118
1820,0.079161153214,0.0798297198237,0.0780144253603,0.770256729208,0.765478164732,0.776119402985,0.514139568871,0.499262319268,0.52296819788,383.392652828
1830,0.0787879853282,0.0795267021112,0.0778263992463,0.759441622612,0.754284134881,0.762410171365,0.535371062467,0.512074643249,0.534747780905,385.419970271
1840,0.0811668443971,0.0813021210465,0.0803419567929,0.751736291075,0.749032614704,0.755444997236,0.525586001981,0.51051212938,0.532346723044,387.584569415
1850,0.0774732968541,0.0785588225441,0.0774509005451,0.771466086175,0.767689331122,0.767827529022,0.261335715881,0.242451554754,0.260563380282,389.634729148
1860,0.0773421799838,0.0788804803996,0.0767841905492,0.770498600601,0.766307352128,0.767938087341,0.336596084698,0.313438895656,0.327889849504,391.71468131
1870,0.0781903782473,0.0788299467949,0.0771873341941,0.768909160015,0.764510779436,0.771807628524,0.522012578616,0.506373117034,0.527904849039,393.81128558
1880,0.0773631815508,0.078278991836,0.0764573743922,0.770083963927,0.766721945826,0.774018794914,0.422696512233,0.4064697609,0.425842696629,395.754301876
1890,0.0801056278698,0.0814715131847,0.0801596524568,0.772744549255,0.770038695412,0.770149253731,0.264728898826,0.261101243339,0.263027295285,397.92690492
1900,0.0772134868357,0.0776014786301,0.0763488708795,0.768943713071,0.768794914317,0.769264787175,0.351343486274,0.346739554861,0.360404535703,400.10085838
1910,0.0797242934498,0.0806673435544,0.078688508033,0.762033101828,0.764372581537,0.760641238253,0.328687006531,0.323681078937,0.325334995326,402.220245783
1920,0.0775170178539,0.0781648716147,0.0766815350616,0.769012819184,0.769485903814,0.772360420122,0.322489105098,0.330120481928,0.34112,404.363676943
1930,0.0801243691096,0.0813522282179,0.0796601983177,0.760409108186,0.760226644555,0.761194029851,0.325355127457,0.311234616911,0.335793357934,406.382706576
1940,0.0824485180999,0.084327535192,0.0830802343808,0.767699803048,0.762714206744,0.764510779436,0.342622469933,0.329034779211,0.348225214198,408.474902267
1950,0.0784041521087,0.079038791236,0.0780272961903,0.774541308179,0.774046434494,0.772249861802,0.3814579581,0.375715922108,0.381381381381,410.625150884
1960,0.0789918438807,0.0796455342115,0.078405333499,0.78393973947,0.781094527363,0.783969043671,0.33879665856,0.327674023769,0.342972427707,412.73273775
1970,0.0780528971112,0.078650069756,0.0778110014747,0.776303514046,0.779850746269,0.780099502488,0.357992859976,0.372587632926,0.373543307087,414.800432843
1980,0.0818184422605,0.0822523806298,0.0811075207075,0.774955944853,0.772249861802,0.774129353234,0.302452607904,0.293310463122,0.306281833616,416.899323796
1990,0.0798095847785,0.080571122596,0.0796213869141,0.786082028955,0.779021558872,0.784964068546,0.36548119299,0.341704405105,0.366655812439,419.007329594
2000,0.0831475301192,0.0837588445068,0.0833201912821,0.77032583532,0.7728026534,0.768048645661,0.228617848439,0.238888888889,0.215994020927,421.067247762
2010,0.0852070907055,0.0867143140499,0.0856482557609,0.786116582012,0.783582089552,0.784853510227,0.32526705908,0.321490467938,0.324305555556,423.165687887
2020,0.0779674152732,0.0787794190987,0.0773516441162,0.77955150133,0.772388059701,0.783416252073,0.341045238587,0.325276526014,0.35875613748,425.260085245
2030,0.0765141142303,0.0776559428399,0.0762764184085,0.784354376145,0.77736318408,0.785185185185,0.408043251446,0.392762909913,0.413876319759,427.470094013
2040,0.082764560265,0.0838898094968,0.0826168806171,0.78210842749,0.778330569375,0.784853510227,0.291460674157,0.279424977538,0.304005722461,429.705201176
2050,0.0827918860239,0.0836202284286,0.08266155287,0.75982170623,0.756218905473,0.762299613046,0.214665009603,0.193784277879,0.228284278536,431.980503737
2060,0.0862884275089,0.0881018914912,0.086280650869,0.731730071525,0.725400773908,0.727915975677,0.431791569087,0.414037157181,0.426741206615,434.2727637
2070,0.0765757760167,0.0781267321292,0.0768481227715,0.784665353651,0.778192371476,0.777888336097,0.408840827168,0.380548050946,0.39028831563,436.510397777
2080,0.0790157959999,0.0800364538319,0.0786864121775,0.778307591306,0.774875621891,0.77943615257,0.272562358277,0.265223274696,0.285714285714,438.675764903
2090,0.0762974867728,0.0775343258227,0.0757693722035,0.773642928717,0.765339966833,0.774792703151,0.472841393739,0.444371727749,0.468839634941,440.807018328
2100,0.0773285986865,0.0789272511659,0.0773870831367,0.778514909644,0.771420674406,0.777667219458,0.394483279804,0.379129129129,0.395914689096,442.905401492
2110,0.0769256457458,0.0779913688391,0.0767020643939,0.775197816247,0.769624101714,0.778551686014,0.439234614722,0.420173913043,0.448057316065,445.03954657
2120,0.075231972619,0.0761251065213,0.0750179041938,0.781175494973,0.774737423991,0.781978993919,0.469286851588,0.448205822613,0.467027027027,447.300651695
2130,0.0808027471918,0.0810739850321,0.0799233426411,0.772088041187,0.769762299613,0.77269209508,0.242361589708,0.227272727273,0.252363636364,449.397414634
2140,0.0781512147847,0.0791172084192,0.0779958523228,0.778722227981,0.776533996683,0.778772802653,0.350111629795,0.347720855184,0.366972477064,451.479352539
2150,0.0784028332158,0.0792099799254,0.0780065227348,0.782453958053,0.780265339967,0.783858485351,0.33990354372,0.336393989983,0.358806165956,453.635305518
2160,0.0793162134575,0.0803526108603,0.0787780518966,0.782281192772,0.781509121061,0.785737976783,0.293847360753,0.294511378849,0.308844507846,455.686560599
2170,0.0772464260419,0.0784343452908,0.0770586799482,0.789710099858,0.783858485351,0.793366500829,0.347695605573,0.335034013605,0.367084321029,457.824807634
2180,0.0773282955348,0.0781084022608,0.0769534765161,0.78421616392,0.783443891653,0.787728026534,0.289452724997,0.291911432445,0.300801165331,459.934938495
2190,0.0766888147489,0.0773552109108,0.0760975816863,0.779344182993,0.780403537866,0.784300718629,0.266651355076,0.276082004556,0.286132455177,462.02256863
2200,0.0771450995594,0.0776782726946,0.0764018000409,0.785079990325,0.783582089552,0.786733001658,0.303003137606,0.298387096774,0.310332499106,464.239559446
2210,0.0775101133837,0.0777677339387,0.0766825535612,0.783145019177,0.782061912659,0.783858485351,0.297672336616,0.29879946643,0.301536262951,466.336156836
2220,0.0782848259253,0.0785315400793,0.0774711658663,0.773608375661,0.770591487009,0.776119402985,0.3496128648,0.345941686367,0.367780206057,468.497907642
2230,0.0769376501521,0.077176175729,0.076048670192,0.786151135068,0.783720287452,0.789275843007,0.357920946156,0.353572903759,0.377937336815,470.613007256
2240,0.079226678362,0.0796136740573,0.0784589372058,0.765868491068,0.764510779436,0.770038695412,0.358697709635,0.356009070295,0.384251036116,472.690409579
2250,0.079667273,0.0798636031092,0.0790895897384,0.778687674925,0.774461028192,0.777003869541,0.394555250969,0.385542168675,0.392652815417,474.771890439
2260,0.0761580027095,0.0762789444736,0.0753119778194,0.785978369787,0.782614704256,0.787175234936,0.409420289855,0.400304994281,0.418253248716,476.784990507
2270,0.0768152414716,0.0772228002021,0.0757822738852,0.78933001624,0.785240464345,0.789939192924,0.359626089696,0.344856661046,0.366244162775,478.89799292
2280,0.0788520305673,0.0790344422788,0.0779881307506,0.775647005978,0.775981205086,0.779325594251,0.350115103593,0.351859256297,0.367553865653,480.958020432
2290,0.0771602023973,0.0778272540458,0.0767027216299,0.787395045092,0.785240464345,0.789607517966,0.331558935361,0.330749354005,0.343566747154,483.14991198
2300,0.0781793104931,0.0787294061133,0.0778017410669,0.78038077468,0.77943615257,0.783637368712,0.27293525509,0.272561531449,0.290685030808,485.33050501
2310,0.0762270647474,0.076426044796,0.0754614428592,0.784976331156,0.781094527363,0.784853510227,0.375012553982,0.365384615385,0.381829733164,487.576662766
2320,0.0779085871278,0.0781197149728,0.0772613165511,0.766559552192,0.764096185738,0.7682697623,0.442666226695,0.431946755408,0.445795875198,489.780729787
2330,0.0782513542293,0.0787011792825,0.0779179987276,0.773988459279,0.771006080708,0.775124378109,0.428184281843,0.42002100105,0.436565096953,492.075774838
2340,0.0793873643027,0.0801799583044,0.0792499680309,0.761998548772,0.762990602543,0.764068546158,0.450015969339,0.446952595937,0.455056179775,494.313092902
2350,0.0778868585421,0.0780187911357,0.0770417805237,0.775232369303,0.771558872305,0.77722498618,0.40674874601,0.398252639243,0.412022176831,496.590036086
2360,0.0774004144036,0.0777585677228,0.0766590351101,0.782730382502,0.778606965174,0.781536760641,0.436559139785,0.425806451613,0.433810888252,498.72943539
2370,0.0774845696846,0.0778226778943,0.0770937113542,0.770740471995,0.766721945826,0.774682144831,0.440886491952,0.424283765348,0.448891292591,500.99980481
2380,0.0789063262507,0.0789993776082,0.0783360270463,0.773470163436,0.773217247098,0.775234936429,0.40615942029,0.400876232202,0.413952147593,503.184448875
2390,0.0789019521568,0.0789924626049,0.0783296778772,0.773504716492,0.773355444997,0.775345494748,0.406088611036,0.401022644266,0.414746543779,505.373013588
2400,0.0788773940467,0.0791763239128,0.0786452984953,0.756850143395,0.752763957988,0.757766721946,0.508623699462,0.497613030048,0.503287236454,507.638644494
2410,0.0834004539752,0.0833559014852,0.0822619161901,0.75215092775,0.75221116639,0.752128247651,0,0,0,509.813823566
2420,0.0793542681302,0.0801331644952,0.079158982315,0.76877094779,0.762714206744,0.769043670536,0.410188612727,0.393500529848,0.409052333805,511.999625877
2430,0.0809052373862,0.0807577236789,0.0797714722511,0.768114439722,0.765616362631,0.771586511885,0.328160977075,0.312803889789,0.333118140736,514.187806023
2440,0.0762364413621,0.076686812751,0.075899934708,0.781693790816,0.778468767275,0.784300718629,0.454498359523,0.442822384428,0.457603558521,516.398270443
2450,0.0777770140326,0.0779803625556,0.0770437525058,0.776856362945,0.776948590381,0.782200110558,0.420287253142,0.416485900217,0.43553008596,518.477477379
2460,0.0786530763862,0.0788219923472,0.0779169927746,0.76621402163,0.76368159204,0.770702045329,0.362419901998,0.351781652767,0.377177177177,520.615766884
2470,0.0778694088073,0.0780959634128,0.0775580066033,0.77188072285,0.773631840796,0.773797678275,0.445303310368,0.447741065408,0.448517520216,522.843878471
2480,0.0795165166434,0.0797109322002,0.0789294383492,0.773020973705,0.77045328911,0.77490326147,0.410693460124,0.40529896169,0.41628440367,525.0100547
2490,0.0786078945762,0.0789480800169,0.0780856395679,0.76776890916,0.765754560531,0.770149253731,0.37321645062,0.372918978912,0.384,527.12494245
2500,0.0782686450399,0.0782749202086,0.0773996718764,0.774817732628,0.773770038695,0.7773355445,0.398856194078,0.393029291806,0.411455289305,529.371793724
2510,0.0781326611022,0.0779221882726,0.0774683774666,0.777132787395,0.777086788281,0.780320619127,0.410851297041,0.40103973264,0.419175679626,531.586432107
2520,0.0774424614842,0.0777317392058,0.0768479261378,0.765211983,0.763266998342,0.768822553897,0.449396321206,0.44545160246,0.45843045843,533.738928979
2530,0.0785056682313,0.0789961863049,0.07781533734,0.759787153174,0.75677169707,0.765284687673,0.3226812159,0.305993690852,0.342520904305,535.858998345
2540,0.0786820848912,0.0786525944397,0.0773749231293,0.768010780554,0.768380320619,0.773134328358,0.372171311016,0.370870870871,0.387828162291,538.01981392
2550,0.0780043698336,0.0784988314933,0.07742545546,0.776545385439,0.774461028192,0.780873410724,0.370363158407,0.364980544747,0.389402341343,540.181652465
2560,0.0773247430759,0.0779648557974,0.0767584260325,0.780277115511,0.776395798784,0.784300718629,0.411802793451,0.397617274758,0.426682339113,542.27492507
2570,0.0789734071895,0.0792321108278,0.0781633207953,0.77315918593,0.770591487009,0.773244886678,0.401058297601,0.39015429831,0.405679513185,544.456221495
2580,0.0813159070331,0.0816785924809,0.0803392013015,0.774299436785,0.768794914317,0.77501381979,0.461056105611,0.44657624876,0.463202321287,546.509967295
2590,0.0810876816066,0.0813466353877,0.0799198761836,0.757644863688,0.75690989497,0.76130458817,0.366166636544,0.359665089188,0.381198051017,548.730530509
2600,0.0786073769944,0.0788316032272,0.0776307709282,0.7646591341,0.76368159204,0.769707020453,0.379294632279,0.37636761488,0.405706134094,550.761919643
2610,0.0807538423557,0.0809905951925,0.0789522838635,0.757955841194,0.753316749585,0.767716970702,0.324819277108,0.306257287213,0.35886481538,552.89535155
2620,0.0797616693867,0.080422714561,0.0790310101533,0.759476175668,0.758568269762,0.767938087341,0.368158300808,0.363570127505,0.394227994228,554.987748225
2630,0.0827341439472,0.0831888346732,0.0816226988432,0.734632528247,0.725953565506,0.739414040907,0.341563786008,0.328934010152,0.354423445631,557.068315118
2640,0.0791185699145,0.079500855854,0.0780532005803,0.757333886182,0.757186290768,0.764400221117,0.371543624161,0.37227581279,0.390620531884,559.114411128
2650,0.0794617315423,0.0800923013831,0.0787624338597,0.759787153174,0.757600884467,0.762962962963,0.31628638867,0.307266982622,0.332503113325,561.16832174
2660,0.078290559818,0.0787694030175,0.0775097433172,0.769254690577,0.767827529022,0.774350469873,0.330727600722,0.325842696629,0.355948248659,563.305617358
2670,0.0819768630059,0.0824261160227,0.0807528832635,0.757783075913,0.75456053068,0.761746821448,0.227633318643,0.211367673179,0.254583189208,565.36456525
2680,0.0796882877267,0.080131082306,0.0787688253523,0.751667184963,0.747512437811,0.757656163626,0.314936612334,0.300803673938,0.337764350453,567.347753266
2690,0.0785581476373,0.0789992111686,0.0777046158837,0.766041256349,0.76368159204,0.768933112217,0.336111383469,0.323575949367,0.349315068493,569.430760521
2700,0.0789334814066,0.0790679944139,0.0779876423995,0.752634670537,0.749032614704,0.757324488668,0.309842861274,0.298841698842,0.325652841782,571.517683738
2710,0.0794445821282,0.0799007021947,0.0789559243221,0.760858297916,0.759673852957,0.765063571034,0.332915662651,0.331410995771,0.352331606218,573.551517732
2720,0.0792551271605,0.0795360331602,0.0789262143188,0.767354272485,0.766998341625,0.769928137092,0.373032870845,0.375555555556,0.383407407407,575.522380052
2730,0.0797183120157,0.0799398464183,0.0787334114651,0.764866452438,0.763266998342,0.766721945826,0.31915957979,0.312876052948,0.337311557789,577.591893097
2740,0.0776010764476,0.0773866754569,0.0765995879673,0.766455893024,0.766445550028,0.769817578773,0.329663790539,0.325618515563,0.348968105066,579.637493106
2750,0.0811305635814,0.0821301148764,0.0802553306197,0.758370477869,0.751658374793,0.76141514649,0.323105217307,0.304835589942,0.336408364084,581.899827107
2760,0.0779898609792,0.07798623539,0.0771203725832,0.771811616738,0.771835268104,0.776340519624,0.329951298701,0.324744376278,0.34888960412,584.128164745
2770,0.0793842967566,0.079522176787,0.0782344565626,0.757402992295,0.753040353787,0.760751796573,0.282473173224,0.270909832721,0.295572916667,586.231939755
2780,0.0777835418134,0.0783207869116,0.0773153738352,0.76548840745,0.764096185738,0.76583747927,0.383616383616,0.383086375136,0.395202741291,588.324307253
2790,0.0787203526299,0.0789075260509,0.077747796761,0.760754638748,0.762161415146,0.765284687673,0.347038853263,0.34835289663,0.360734718458,590.431427026
2800,0.0866902923513,0.0871149159141,0.0859913810875,0.758301371756,0.755527915976,0.758208955224,0.167559205046,0.162008526765,0.181818181818,592.581560066
2810,0.0787225822315,0.0794980605036,0.077803859738,0.767596143879,0.766721945826,0.770702045329,0.336424625099,0.328560063644,0.351063829787,594.588901532
2820,0.0770737161838,0.0775057014795,0.0767023210519,0.774126671504,0.771144278607,0.77501381979,0.434172942093,0.426592797784,0.443837113966,596.615218272
2830,0.0828259916472,0.082999292073,0.08161036174,0.731384540963,0.733830845771,0.740077390824,0.523943661972,0.523031203566,0.538204674917,598.674541259
2840,0.0791345496758,0.0794711123613,0.0780291696861,0.766006703293,0.761608623549,0.770702045329,0.313463098135,0.301902063942,0.335256410256,600.751714938
2850,0.0784443189586,0.0788214468073,0.0778794600446,0.763553436301,0.758015478165,0.767827529022,0.466099711321,0.446761453397,0.472361809045,602.897669911
2860,0.0825889465623,0.082886705318,0.0814075156558,0.743132580077,0.74087893864,0.749806522941,0.521190261497,0.513113477019,0.531566963362,604.915074062
2870,0.0784164889506,0.0789963457984,0.0772905297823,0.773919353167,0.770867882808,0.774571586512,0.359345931656,0.348270440252,0.365785381026,606.984433853
2880,0.0774663383878,0.077946035694,0.0771087333033,0.773055526761,0.767551133223,0.774129353234,0.395656974604,0.384333821376,0.401055408971,609.046787068
2890,0.0787505530163,0.0793996941344,0.0779331833408,0.772606337031,0.769762299613,0.774129353234,0.367150687566,0.358737490377,0.376944190302,611.092120227
2900,0.0817773954353,0.082307140938,0.0804390770195,0.7379841747,0.738114980652,0.748700939746,0.5262105592,0.519888522929,0.541456526125,613.132950131
2910,0.0798185175976,0.0806160406696,0.0791384134177,0.774333989841,0.768933112217,0.778109452736,0.380419315055,0.371900826446,0.394570135747,615.248530405
2920,0.0795308674097,0.0802236254923,0.0781468155109,0.753256625549,0.748341625207,0.760862354892,0.488137051107,0.474762042111,0.496391152503,617.326262569
2930,0.0798332108795,0.0806639600084,0.0786542950168,0.748591962959,0.744748479823,0.75677169707,0.524133420536,0.512021136063,0.535669058675,619.377851743
2940,0.0813306357678,0.0820138583542,0.0800998035129,0.735012611866,0.728855721393,0.745163073521,0.533089802131,0.522162688748,0.54741802474,621.568883394
2950,0.0792270521301,0.0795990321528,0.0780890238339,0.766352233855,0.764234383637,0.768048645661,0.407465825447,0.402242466713,0.413966480447,623.641981096
2960,0.0796745320081,0.0801487983002,0.0786108609054,0.769116478353,0.765754560531,0.771254836926,0.45736560013,0.443349753695,0.460213931646,625.764315686
2970,0.0775900308531,0.0778895342337,0.0763259031452,0.773642928717,0.769209508015,0.776229961305,0.393032521078,0.378720238095,0.402244536326,627.870720108
2980,0.0806794024188,0.0805767638484,0.0801493962525,0.720569434366,0.716279712548,0.718297401879,0.453617998784,0.441967926067,0.449200172936,629.958304138
2990,0.0762778357036,0.0770852710341,0.0756910176777,0.777512871013,0.772111663903,0.781536760641,0.394546309356,0.381238273921,0.409444112373,631.953049431
3000,0.0769591635761,0.077285725014,0.0763092145451,0.777651083238,0.775428413488,0.782531785517,0.531897868626,0.523600117268,0.539236355118,634.003863149
3010,0.0762656842359,0.0771845567633,0.0752313293541,0.77955150133,0.774046434494,0.781647318961,0.377196407653,0.362075692548,0.38223334376,636.176277304
3020,0.0766023687316,0.0773992781414,0.0757980279006,0.777201893507,0.771282476506,0.780652294085,0.521306607275,0.503450345035,0.525358851675,638.294289138
3030,0.0758933008123,0.0766956452314,0.0753565622833,0.777651083238,0.76824212272,0.777003869541,0.426828182061,0.408048005648,0.431670893209,640.329576515
3040,0.0756659846664,0.0766819202272,0.0751318105839,0.781244601085,0.773217247098,0.779767827529,0.421984844335,0.403489640131,0.424277456647,642.41875318
3050,0.0766127604304,0.0776011959149,0.0759591369841,0.776096195709,0.767136539525,0.776340519624,0.426954368589,0.412687347508,0.4331745587,644.532688476
3060,0.0774608312761,0.0779232191788,0.076589338544,0.77499049791,0.770038695412,0.772581536761,0.406164508481,0.391367959034,0.408738143145,646.586415601
3070,0.0776256413786,0.0787167174281,0.0769515585781,0.757299333126,0.74765063571,0.755997788834,0.419312169312,0.399737015122,0.419363325441,648.618163911
3080,0.0788778872909,0.079959769448,0.078277327903,0.75215092775,0.75221116639,0.752128247651,0,0,0,650.680876769
3090,0.0812449253393,0.0819508813889,0.0804564095444,0.75215092775,0.75221116639,0.752128247651,0,0,0,652.781518248
3100,0.0759660113018,0.0768647143799,0.0751372492601,0.782142980547,0.77501381979,0.77954671089,0.418411585647,0.404099560761,0.416959064327,654.798248074
3110,0.0762289408223,0.0767785085712,0.0748853425123,0.774575861235,0.76810392482,0.774571586512,0.419469656523,0.400714285714,0.426441631505,656.955457786
3120,0.0766572833593,0.0767175469724,0.0756160344194,0.776303514046,0.774461028192,0.782200110558,0.526685187893,0.516587677725,0.537558685446,659.051834599
3130,0.0750610461575,0.0755487051804,0.0740623532437,0.78138281331,0.774875621891,0.781978993919,0.36558708513,0.350737345556,0.366730892742,661.252586203
3140,0.0780855258844,0.0793085290042,0.0776655704175,0.771846169794,0.765754560531,0.772581536761,0.415922158337,0.403379091869,0.425258452082,663.232016449
3150,0.0793448774249,0.0800857833433,0.0786741380255,0.755468021146,0.75,0.756992813709,0.368181412374,0.357371225577,0.374501992032,665.353552244
3160,0.0760891112794,0.0769144542548,0.0755189105331,0.777063681283,0.772940851299,0.777777777778,0.393266879819,0.381167608286,0.399282725643,667.392151249
3170,0.0780188341773,0.0790647718165,0.0774032431245,0.777340105732,0.774184632394,0.776451077944,0.335121749897,0.332516339869,0.337917485265,669.49392387
3180,0.077808868947,0.0789466331095,0.0771653477306,0.772088041187,0.769762299613,0.77048092869,0.257875787579,0.251572327044,0.255380200861,671.54233543
3190,0.0816447296776,0.0822801333163,0.0808929955862,0.757368439238,0.752625760088,0.763184079602,0.492263195951,0.479651162791,0.497183098592,673.659106567
3200,0.0790770380315,0.079587668378,0.0780677959107,0.753394837773,0.746959646213,0.754007739082,0.251180358829,0.237401082882,0.254606365159,675.62176312
3210,0.0756655229334,0.0764577500838,0.074970728455,0.762585950727,0.758706467662,0.760309563295,0.150364782985,0.132206759443,0.148468185389,677.688966685
3220,0.0781967087363,0.0786606994458,0.077179478089,0.77416122456,0.771973466003,0.772139303483,0.306451612903,0.302620456467,0.302065695902,679.763532838
3230,0.0763788005492,0.0761684783153,0.0750346736755,0.777512871013,0.773079049198,0.775124378109,0.308006448146,0.289792387543,0.296680497925,681.839612446
3240,0.0760666704931,0.0768999729643,0.0751700043555,0.782868594727,0.779297954671,0.785516860144,0.469615124916,0.454390160574,0.474824038982,683.870732583
3250,0.0757525768726,0.0764346958677,0.0746223113051,0.773401057324,0.77045328911,0.774682144831,0.350049554014,0.335334133653,0.35136855506,685.907279786
3260,0.0750512306875,0.0752507364732,0.073713338394,0.786807643136,0.786207849641,0.787728026534,0.434048798386,0.426824749907,0.431952662722,687.972494364
3270,0.0749630757091,0.0750033111408,0.0735083933123,0.788431636778,0.786484245439,0.788391376451,0.426846391463,0.416320362675,0.421402660218,690.004718877
3280,0.0756402113322,0.0756233566674,0.0743157666868,0.779344182993,0.775981205086,0.778662244334,0.340289256198,0.323738005841,0.333998669328,692.038203754
3290,0.0749518615243,0.0749614363986,0.0736679409368,0.784872671988,0.78413488115,0.784411276949,0.392703862661,0.383583267561,0.382520582647,694.162045876
3300,0.0804897433741,0.0802236492368,0.0787273445083,0.736221968833,0.736180210061,0.739082365948,0.390352978757,0.381600259151,0.392691713845,696.342858994
3310,0.077514001789,0.078010377412,0.0763567794128,0.768632735565,0.764787175235,0.767827529022,0.486345504756,0.472411655301,0.488553336581,698.401102801
3320,0.0789720560368,0.0788184665677,0.0775586884658,0.741232161985,0.744472084024,0.742841348811,0.427402706629,0.431950844854,0.430460333007,700.45216486
3330,0.084252273542,0.0835655958763,0.0830410166112,0.755951763934,0.75690989497,0.757435046987,0.130279522226,0.12444001991,0.128673550437,702.54311633
3340,0.0761202615152,0.0768283700261,0.0750953787883,0.781832003041,0.779297954671,0.780983969044,0.38841534289,0.382682643989,0.385355259075,704.674249456
3350,0.0746876226636,0.0750314645177,0.0735534425791,0.784285270032,0.778192371476,0.784964068546,0.520396404702,0.503249767874,0.518921592877,706.669300657
3360,0.0745147344418,0.0745019408731,0.0728076350363,0.78877716734,0.787728026534,0.794140409066,0.541651045962,0.536791314837,0.551757342321,708.776997741
3370,0.0748246308637,0.0750448360728,0.0733468946079,0.789744652915,0.787313432836,0.793366500829,0.512615138166,0.503708481135,0.518671130569,710.893094166
3380,0.0752091193417,0.0753489514229,0.0735051860336,0.78577105145,0.783582089552,0.791597567717,0.523443504996,0.513664596273,0.533992583436,712.915917274
3390,0.0757473144006,0.0758983439322,0.0741337270395,0.788569849003,0.787589828635,0.790381426202,0.515556963027,0.510976773783,0.517065715741,715.0151049
3400,0.0753074893305,0.0756520615754,0.0736991825011,0.789295463184,0.786207849641,0.793034825871,0.474853599724,0.461538461538,0.477678571429,717.093357694
3410,0.0797820836503,0.0800586686532,0.0783243264596,0.767008741923,0.765063571034,0.764953012714,0.197930296182,0.188156638013,0.193474962064,719.097516718
3420,0.0748087429702,0.0750835586513,0.0730446825687,0.787187726754,0.784273079049,0.794029850746,0.544081723296,0.530808536219,0.55737704918,721.073507774
3430,0.0752414100662,0.0757917657203,0.0741606453603,0.777098234339,0.773493642897,0.775898286346,0.288047676857,0.275740167919,0.285512865703,723.182055095
3440,0.0743814632272,0.0749099056633,0.0729535155999,0.790262948758,0.784549474848,0.795577667219,0.52850706851,0.509902546369,0.538096427679,725.208847256
3450,0.0752675323261,0.0755429405799,0.0736064311522,0.78749870426,0.78399668325,0.793698175788,0.532319391635,0.520405032218,0.546206225681,727.354690747
3460,0.0753889201332,0.0753996137471,0.0739725000457,0.786980408417,0.785378662244,0.794029850746,0.523901459572,0.516951788491,0.537831803523,729.397397898
3470,0.0754921529611,0.0754905148081,0.073950337297,0.779620607443,0.778192371476,0.782089552239,0.454405474765,0.449021627188,0.454771784232,731.500098082
3480,0.0751143384033,0.075358945732,0.0737212963399,0.791852389344,0.792979546711,0.799447208402,0.50719895288,0.507884362681,0.524882137245,733.643372548
3490,0.0775090577145,0.0771439349084,0.0760779019713,0.763415224077,0.762437810945,0.768048645661,0.528411047593,0.523426670363,0.540315512708,735.774507156
3500,0.0771749121524,0.0766449307307,0.075282223618,0.77671815072,0.773355444997,0.78175787728,0.505282498852,0.497240956468,0.513793103448,737.873315524
3510,0.0748969364339,0.0746983479762,0.0737786243157,0.790297501814,0.791873963516,0.794803758983,0.481592209789,0.48389307745,0.491506849315,739.98358214
3520,0.076516701745,0.0761050775242,0.0754942408796,0.773953906223,0.7728026534,0.77501381979,0.459696068715,0.453457446809,0.464050566237,742.046109299
3530,0.0754611113234,0.0751743159344,0.0740286714284,0.780035244117,0.780127142067,0.785848535102,0.506741050674,0.500470957614,0.516354556804,744.100684656
3540,0.0753733047217,0.0750717575387,0.0742064629366,0.781348260254,0.780127142067,0.791265892758,0.515392862613,0.510913003381,0.540632603406,746.158523804
3550,0.0782608542244,0.0777535043932,0.0776785130151,0.772744549255,0.770867882808,0.771697070205,0.395995959225,0.385925925926,0.395314787701,748.282552026
3560,0.0757930784847,0.0757772635885,0.0744489114983,0.782592170277,0.780541735766,0.784632393588,0.475841386205,0.46711409396,0.481086840703,750.293747135
3570,0.0762783182569,0.0758500528272,0.0749715093264,0.782315745828,0.789800995025,0.791265892758,0.500317258883,0.513902205177,0.516145566376,752.39407975
3580,0.0762751472674,0.0761287631695,0.0752144512279,0.783836080301,0.784411276949,0.787506909895,0.51481309136,0.514321295143,0.522840119166,754.566993931
3590,0.0758665906448,0.0753327508909,0.0746388025993,0.780933623579,0.783582089552,0.785627418463,0.538976148924,0.542372881356,0.547279943965,756.697737046
3600,0.0787037636553,0.0785923474721,0.0778517210476,0.782039321378,0.77943615257,0.78629076838,0.484387771784,0.478772044415,0.496221005994,758.784236286
3610,0.0761695787789,0.0755178574026,0.0752113399615,0.773781140942,0.776395798784,0.776893311222,0.522917729359,0.519596199525,0.525622943112,760.841563738
3620,0.0762919802692,0.076003432113,0.0748796542806,0.795653225528,0.790353786622,0.793366500829,0.480042201512,0.46528022559,0.47098782904,763.00546957
3630,0.0784506057062,0.0773394823811,0.0771639737964,0.765108323831,0.77501381979,0.769817578773,0.461245839277,0.479539641944,0.468335035751,765.120565686
3640,0.0783504539447,0.0775322312875,0.0777039951346,0.765903044124,0.767551133223,0.763957987839,0.331260487612,0.338836477987,0.325434439179,767.179630553
3650,0.077216815095,0.0763798700081,0.075858029284,0.776856362945,0.784411276949,0.783969043671,0.502541981205,0.51582867784,0.514895729891,769.216753189
3660,0.0820471547001,0.0815996286034,0.0814846151221,0.746518779586,0.748479823107,0.746821448314,0.51014957265,0.508904479223,0.513387165321,771.27283978
3670,0.0792705233141,0.0791397978243,0.0782414390825,0.782488511109,0.778606965174,0.784964068546,0.514462013112,0.510091743119,0.520817935452,773.382529591
3680,0.0785198736213,0.078279655964,0.0776103715352,0.768079886666,0.770038695412,0.771918186844,0.518576961698,0.523482245132,0.527376861397,775.354387381
3690,0.0803406729735,0.0798592890996,0.0797083103004,0.752047268581,0.751658374793,0.75234936429,0.519935777362,0.519132994381,0.521980367051,777.490898511
3700,0.0792747252957,0.0792350535149,0.0779053525885,0.781037282748,0.783443891653,0.787728026534,0.489404560471,0.497917334188,0.503875968992,779.576582155
3710,0.0781563382895,0.0778259074025,0.0773669311354,0.757437545351,0.756218905473,0.756329463792,0.340473506201,0.344237918216,0.350618738951,781.689565591
3720,0.0803974134753,0.0799892230431,0.0789740766448,0.763484330189,0.761885019348,0.765616362631,0.477998932357,0.476132563089,0.484184914842,783.791730658
3730,0.0812034004848,0.0808000848608,0.0795131330899,0.75215092775,0.75221116639,0.752128247651,0,0,0,785.8586877
3740,0.0801013333794,0.0797823803428,0.0788375520174,0.75598631699,0.751658374793,0.760199004975,0.513368246968,0.509150505326,0.525071162689,787.921588773
3750,0.0771843514446,0.0769980740495,0.0759084609587,0.775405134584,0.76824212272,0.773687119956,0.307479224377,0.292703500633,0.307744335475,790.092530305
3760,0.0775091090336,0.0776631120806,0.0766508466491,0.774679520404,0.771006080708,0.773355444997,0.308263498462,0.307563727539,0.313922356091,792.159924335
3770,0.0776207156097,0.0775777537125,0.0763608927591,0.784492588369,0.784549474848,0.787064676617,0.519898391194,0.521632402577,0.532069970845,794.174031465
3780,0.0791488469638,0.0789891300422,0.077591674763,0.770014857814,0.76368159204,0.774682144831,0.483310045024,0.478976234004,0.498770290212,796.308846492
3790,0.0773691923633,0.0771827202813,0.0756819161372,0.792267026018,0.793532338308,0.793587617468,0.503140495868,0.50790513834,0.508296023176,798.40018993
3800,0.0794953905056,0.0788656180972,0.0777837056086,0.772088041187,0.77501381979,0.773687119956,0.385618479881,0.391174270755,0.386206896552,800.54127817
3810,0.0811920147875,0.08139074778,0.0794497628038,0.782004768322,0.778745163074,0.786954118297,0.461643484939,0.45227505987,0.475074911468,802.570308928
3820,0.0804888565706,0.0803006323888,0.0790326887629,0.790401160983,0.786484245439,0.789607517966,0.47598479613,0.466321243523,0.475613116561,804.567910362
3830,0.0778452797386,0.0773578184523,0.0762169550771,0.781348260254,0.779297954671,0.779215035931,0.480032867707,0.476907959384,0.481163938685,806.636842957
3840,0.079224714652,0.0791897668291,0.0769739302647,0.78293770084,0.77957435047,0.790602542841,0.497198655355,0.489273134806,0.520020273695,808.791038039
3850,0.0816818684683,0.0824172482514,0.0800309522053,0.774333989841,0.767136539525,0.776119402985,0.472923896376,0.4608,0.48275862069,810.887084643
3860,0.0775864242731,0.077415955682,0.0760588377694,0.777823848519,0.775152017689,0.781315644002,0.50931013431,0.50320610687,0.520601066408,812.86550667
3870,0.0779191749363,0.0780147143317,0.07631893823,0.776649044608,0.76824212272,0.775234936429,0.332231404959,0.312423124231,0.337137267688,815.025360795
3880,0.0786233925372,0.078827747651,0.0770275968251,0.771155108669,0.76368159204,0.769596462134,0.29051955008,0.273576890399,0.296421336935,817.16581929
3890,0.0787129730705,0.0786800183273,0.0769239665689,0.772951867593,0.770729684909,0.776561636263,0.513151070608,0.510475066391,0.520749347878,819.219249776
3900,0.0785709588914,0.0782735677707,0.0768853058069,0.770533153657,0.77045328911,0.774018794914,0.508838103691,0.507267873035,0.520862634787,821.227610906
3910,0.0808147881906,0.0805062651613,0.0791477311964,0.746276908193,0.745854063018,0.750138197899,0.510564553756,0.514391338791,0.522198731501,823.322883373
3920,0.0798990556613,0.0804316863262,0.078682409701,0.778722227981,0.7726644555,0.778662244334,0.397327310371,0.388703084355,0.394434361766,825.440445358
3930,0.0788442603092,0.0785466216939,0.0772882883189,0.771984382019,0.767551133223,0.775787728027,0.490149115352,0.481823783118,0.503184713376,827.545091885
3940,0.0786941082871,0.0787767977161,0.0776675953503,0.770913237276,0.764234383637,0.767938087341,0.312953367876,0.297364085667,0.307489277466,829.685643669
3950,0.0791840416165,0.0792925824537,0.0782447851617,0.767561590823,0.760088446656,0.762631288004,0.256274184632,0.243902439024,0.250087320992,831.785117165
3960,0.0789720352373,0.0788354198673,0.0775836745181,0.769911198646,0.770729684909,0.772470978441,0.50982701509,0.508444444444,0.518032786885,833.89818186
3970,0.079158089907,0.0789817002305,0.077940918043,0.775405134584,0.772940851299,0.774682144831,0.468693804152,0.459005597629,0.467607105538,835.960873795
3980,0.0811606451983,0.0806472718705,0.0798815302307,0.740299229467,0.739635157546,0.737866224433,0.0115728563914,0.0115424973767,0.00587002096436,837.951435838
3990,0.089337109258,0.0887257791427,0.0885961047071,0.739953698905,0.742122719735,0.743946932007,0.540087998044,0.547746000969,0.552030947776,840.161547654
4000,0.0932977900346,0.0926774507291,0.0926736514685,0.735461801596,0.739911553344,0.739082365948,0.529845246868,0.538725490196,0.540856031128,842.198851757
4010,0.0787506062282,0.0780065485356,0.0776946130099,0.78238485194,0.780541735766,0.77954671089,0.515836408364,0.515558267236,0.51318359375,844.26917651
4020,0.0857932955614,0.0851417933169,0.0849614828891,0.733526830448,0.733969043671,0.734549474848,0.527103262203,0.526445264453,0.532606579716,846.367059513
4030,0.0790060772831,0.0791789893234,0.0781094148328,0.764348156594,0.761885019348,0.76815920398,0.504648460198,0.498982262286,0.516486050265,848.462264756
4040,0.0781300987103,0.0778416468351,0.076913370877,0.780864517467,0.777639579878,0.779215035931,0.446596858639,0.438002095704,0.441085922194,850.627492066
4050,0.0778056511085,0.0775768797808,0.0764490128776,0.781555578591,0.779712548369,0.781536760641,0.454812004139,0.450344827586,0.45564738292,852.729099478
4060,0.08194248753,0.0817407404002,0.0810965114763,0.75215092775,0.75221116639,0.752128247651,0,0,0,854.86344211
4070,0.0773481743148,0.0770811850963,0.0764006879288,0.779136864656,0.77501381979,0.778772802653,0.457661632445,0.450371370695,0.461952137671,856.914780439
4080,0.0772937504707,0.0774263543988,0.0764329947697,0.776510832383,0.771973466003,0.775345494748,0.448122866894,0.439538043478,0.443287671233,859.085420744
4090,0.0800035389339,0.0791181124441,0.0786869982692,0.765419301337,0.769485903814,0.764731896075,0.537187265662,0.546245919478,0.538194444444,861.089170499
4100,0.0827125088547,0.0814839825685,0.0813580498609,0.753809474448,0.75677169707,0.754228855721,0.537307617378,0.539025667889,0.543625538904,863.135752614
4110,0.0804246953434,0.0789221321823,0.0789898364695,0.768425417228,0.775566611388,0.771144278607,0.551645705111,0.563206024744,0.56125476897,865.289046428
4120,0.0785440535395,0.0780263300294,0.0773822818809,0.78393973947,0.782752902156,0.782642343836,0.53971291866,0.5360094451,0.537846732487,867.435518086
4130,0.0779675194905,0.0777374455652,0.0767574426809,0.777651083238,0.777777777778,0.782752902156,0.525267428993,0.525103366804,0.540350877193,869.499754184
4140,0.0786159608357,0.0771873919728,0.0771413532526,0.777512871013,0.782200110558,0.778441127695,0.538984749767,0.544245228456,0.545372050817,871.575445029
4150,0.0785409034374,0.0768662547683,0.07708000907,0.776925469058,0.782614704256,0.776119402985,0.540367364374,0.546031746032,0.543610547667,873.732652613
4160,0.077464841298,0.0764837637627,0.0763346293742,0.790954009882,0.790353786622,0.786069651741,0.533970112463,0.531356194007,0.523750922963,875.748596497
4170,0.0866254175837,0.0844600421605,0.0853227106415,0.739089872499,0.748618021006,0.740519624102,0.543884022954,0.552741578559,0.546648638207,877.926021297
4180,0.0760002147449,0.0749000967679,0.0749685913207,0.792508897412,0.794914317302,0.79082365948,0.536257626072,0.541975308642,0.534906588004,880.021571997
4190,0.0779736612096,0.0768040993563,0.0774173599357,0.79910853115,0.799613045882,0.792592592593,0.533012048193,0.534659820282,0.518480492813,882.170508791
4200,0.0751389141637,0.0743905100731,0.0736991622897,0.792958087143,0.796987285793,0.794472084024,0.549134687735,0.556595230909,0.556006687366,884.305887417
4210,0.0768775853533,0.0756765049009,0.0760181252017,0.797139006945,0.797401879491,0.792039800995,0.538189255093,0.537539432177,0.523435520649,886.407904244
4220,0.0746174177673,0.0732878846334,0.0734942790795,0.803393110121,0.806108347153,0.800995024876,0.560414091471,0.566573988261,0.557086614173,888.531755253
4230,0.0761793026001,0.0747290019783,0.0747879842773,0.785529180056,0.789110005528,0.789607517966,0.559380989565,0.564994298746,0.569943502825,890.662456173
4240,0.0775322858736,0.0759456795817,0.0760825675702,0.779758819668,0.78192371476,0.782531785517,0.559319690265,0.558724832215,0.566262403528,892.815422984
4250,0.0734651165504,0.0717484426197,0.0721124405348,0.802874814277,0.805002763958,0.803758982863,0.549474847982,0.55587031791,0.555694618273,894.991428537
4260,0.0777983431583,0.0769575728921,0.0770015968502,0.796655264158,0.795743504699,0.794361525705,0.519787841697,0.518880208333,0.51511991658,897.088769778
4270,0.076991980125,0.0759950940885,0.0762389851087,0.794029231886,0.792979546711,0.789054726368,0.529407120865,0.529522613065,0.52036199095,899.220513565
4280,0.0773257574117,0.0757822222634,0.0766577705073,0.803013026502,0.805140961857,0.797346600332,0.521286422034,0.530938123752,0.508183525624,901.291636452
4290,0.0758921999914,0.0740620058093,0.0747462234606,0.79727721917,0.802791597568,0.798009950249,0.548796431593,0.564008554843,0.553846153846,903.43883956
4300,0.0787972702043,0.0768332928344,0.0779114644921,0.787118620642,0.793946932007,0.782642343836,0.4963622987,0.508731466227,0.485070717653,905.587003982
4310,0.0738557530348,0.0723451935073,0.0724978982086,0.803496769289,0.808595909342,0.8,0.535489667565,0.549593495935,0.530739299611,907.742379966
4320,0.0962580408037,0.0944195427389,0.0948212889068,0.678069175219,0.689192924268,0.688336097291,0.534685112121,0.548302872063,0.549464599648,909.743179009
4330,0.0806860212058,0.0798397487093,0.0800848169813,0.792716215749,0.7954671089,0.792371475954,0.424997603757,0.436834094368,0.422509225092,911.762356889
4340,0.0750738825293,0.0735133550623,0.0739548356039,0.800801630904,0.806661138751,0.796683250415,0.529809966561,0.542959817053,0.5212184327,913.870566377
4350,0.0731495862508,0.0715750599899,0.0718855650353,0.806019142393,0.81135986733,0.804754007739,0.549365869321,0.56207892204,0.550407331976,915.900744154
4360,0.0752858120833,0.0740727578553,0.0742448533569,0.798141045575,0.801824212272,0.796351575456,0.524034544566,0.532899022801,0.520562207184,918.027668344
4370,0.0727913633073,0.0718061887154,0.071484049666,0.807539476867,0.810116086235,0.808734107242,0.551096067054,0.558199356913,0.555269922879,920.091911181
4380,0.0734922823892,0.0717293344454,0.0722681868722,0.798797553644,0.803620784964,0.798341625207,0.546601261388,0.556630265211,0.549407114625,922.254016862
4390,0.0779930682049,0.0765252994445,0.0761683103193,0.777754742407,0.782752902156,0.77965726921,0.541684480547,0.555429864253,0.551227201081,924.297084002
4400,0.0740607276391,0.0740672090109,0.0725983678507,0.807124840192,0.806937534549,0.810503040354,0.533745405947,0.532306662203,0.540974825924,926.446319319
4410,0.0731357209478,0.0716622219184,0.0715214305814,0.800628865623,0.801962410171,0.80221116639,0.557175748273,0.55975422427,0.56419001218,928.507628816
4420,0.0745223259297,0.0730781410624,0.073121204847,0.795929649978,0.805417357656,0.799447208402,0.525317473075,0.545219638243,0.535110199897,930.576516865
4430,0.0728435735792,0.0719021101176,0.0714511214323,0.803911405964,0.802100608071,0.805638474295,0.56609832556,0.565006075334,0.571637426901,932.604550847
4440,0.0750883375058,0.0742383716785,0.0740549504881,0.800283335061,0.802515201769,0.800442233278,0.552631578947,0.556073314694,0.556183919351,934.601089319
4450,0.0757246764314,0.0747788034813,0.0747416975035,0.797622749732,0.799474847982,0.798231066888,0.543598535027,0.546137003441,0.549271425043,936.708258105
4460,0.0744872406238,0.0740040416789,0.073465172486,0.802563836771,0.800995024876,0.802542841349,0.551350502513,0.545454545455,0.553053053053,938.801732851
4470,0.0777639918949,0.0768818622568,0.0774391796593,0.80494799765,0.805555555556,0.800884466556,0.505128429911,0.506488951245,0.494243190115,940.823384508
4480,0.0760548723456,0.0758763968622,0.0752238023312,0.796586158046,0.796987285793,0.797899391929,0.507817072151,0.506218487395,0.515119363395,942.827694156
4490,0.075667937082,0.0749224132038,0.0747425449308,0.797208113058,0.799751243781,0.799336650083,0.538781925344,0.545054945055,0.547494390426,944.930619853
4500,0.0768314342807,0.0758678608848,0.0760558890823,0.789675546802,0.792426755113,0.788280818132,0.53324131585,0.541233964569,0.535757575758,947.061092792
4510,0.0769835384603,0.0766392008115,0.0760076837766,0.792716215749,0.791459369818,0.790049751244,0.500541170594,0.497836938436,0.499340891115,949.159184599
4520,0.0767917387019,0.0761570120206,0.0759371561668,0.786462112574,0.78855721393,0.786180210061,0.542018674967,0.549204478491,0.547072599532,951.266875316
4530,0.0758093780399,0.0746106777118,0.0748640081449,0.793891019661,0.799060254284,0.792371475954,0.539844171874,0.552339901478,0.542174549,953.380783302
4540,0.0763135849596,0.0756489331869,0.0754071407206,0.787084067586,0.790215588723,0.78629076838,0.545575221239,0.553003533569,0.549312193985,955.441234255
4550,0.0784739576333,0.078040572083,0.0773030906225,0.77827303825,0.776672194583,0.777777777778,0.511755307008,0.506414172266,0.514258095698,957.556456184
4560,0.0774584042337,0.0771767086651,0.0760933014879,0.779102311599,0.777777777778,0.77965726921,0.517982356933,0.511839708561,0.522863299018,959.719244574
4570,0.0790850555243,0.0788387313433,0.0780044675557,0.772226253412,0.773908236595,0.772913211719,0.517705589699,0.517119244392,0.523212627669,961.832628816
4580,0.0824761690418,0.0827263539996,0.0816840797184,0.773331951211,0.769900497512,0.768601437258,0.483301827347,0.475920679887,0.479223687484,963.956511086
4590,0.0766787352625,0.0763604412756,0.0754841514193,0.788466189834,0.787313432836,0.786733001658,0.507719523963,0.507204610951,0.508284476166,965.990860931
4600,0.0780155388078,0.0781152536991,0.0763295394252,0.785978369787,0.783858485351,0.788170259812,0.497321863334,0.493523316062,0.507455012853,968.114845618
4610,0.0790457971152,0.0796313678143,0.0779874683413,0.784699906707,0.781094527363,0.783969043671,0.499718988358,0.495541401274,0.505816894284,970.223499425
4620,0.0769557900991,0.0770623513001,0.0760338446533,0.788673508172,0.785931453842,0.78861249309,0.511735589973,0.510275055327,0.51838790932,972.301953118
4630,0.0765886483463,0.0764243342545,0.0752024265783,0.784423482257,0.783858485351,0.786180210061,0.526667172445,0.526060606061,0.533975903614,974.381348542
4640,0.0796205918203,0.0803565461216,0.0787162555877,0.780484433848,0.777915975677,0.778551686014,0.493421577227,0.492899968444,0.496860085406,976.478685538
4650,0.0759660826476,0.07515107145,0.0748208183777,0.793649148267,0.796296296296,0.791929242676,0.533510389002,0.541951522685,0.535996055227,978.580527903
4660,0.0783514897492,0.0779051719288,0.0766153944768,0.775163263191,0.776672194583,0.781426202322,0.539001062699,0.538549400343,0.555030384875,980.615502644
4670,0.0774802271432,0.0776645191838,0.0766694848741,0.791645071007,0.791182974019,0.7909342178,0.505980665247,0.509892961401,0.505620915033,982.633044319
4680,0.0803085881249,0.0805864158665,0.078615477529,0.778756781037,0.777915975677,0.780210060807,0.513560738433,0.513177824902,0.520501688374,984.651158149
4690,0.075753983436,0.0749538702296,0.0744653529794,0.795618672472,0.795190713101,0.796241017137,0.516629892948,0.517263843648,0.5234031549,986.761315377
4700,0.0785084881384,0.0779918326672,0.0777785842427,0.774299436785,0.775981205086,0.773244886678,0.531016657094,0.534329215743,0.534604039029,988.820680717
4710,0.075104645137,0.0751283053437,0.0737270038027,0.800905290073,0.800718629077,0.80221116639,0.524587458746,0.524406332454,0.530076175466,990.926673688
4720,0.077144229822,0.0775023843194,0.0759345160011,0.791748730175,0.793808734107,0.794361525705,0.514929577465,0.521181001284,0.52623535405,993.088165834
4730,0.0756316059518,0.0757871622998,0.0744369588539,0.793199958536,0.792288557214,0.793698175788,0.535290006988,0.534530814494,0.543988269795,995.192112153
4740,0.0752691361444,0.0750915727349,0.0732893190387,0.79060847932,0.792426755113,0.79778883361,0.51481184948,0.519820971867,0.53496058988,997.311703195
4750,0.0754000574951,0.0752698233935,0.073917451386,0.793856466604,0.794223327805,0.796351575456,0.529272526432,0.531318854265,0.540189715427,999.4398514
4760,0.0758187809131,0.0752730320361,0.0741746961494,0.793234511593,0.793808734107,0.797125483693,0.518738941612,0.526349206349,0.533672172808,1001.56242923
4770,0.075126497762,0.0750235065872,0.0732649521111,0.792094260737,0.789800995025,0.797125483693,0.547831968137,0.544474393531,0.562991188378,1003.63893279
4780,0.0761310541357,0.0760483936252,0.0744712601117,0.793303617705,0.794223327805,0.798120508568,0.541116907027,0.544509024166,0.556365403304,1005.75041824
4790,0.0756018610337,0.0753231461919,0.0735579224309,0.784665353651,0.78869541183,0.791044776119,0.549776043924,0.558475310424,0.565916398714,1007.84858261
4800,0.0796921585933,0.0790097677145,0.0774790309202,0.761618465153,0.766169154229,0.772913211719,0.56093680392,0.566598360656,0.582859463851,1010.02948253
4810,0.0764419237852,0.076059952293,0.0743984228318,0.785978369787,0.786622443339,0.792482034273,0.542675723568,0.545347467609,0.559699741966,1012.1414829
4820,0.0808340639172,0.0807427083726,0.0790143038153,0.759165198162,0.760226644555,0.765063571034,0.546990770831,0.548294714918,0.561222382821,1014.32094528
4830,0.0754057963197,0.0759662133157,0.073654449365,0.781901109153,0.779850746269,0.788944168049,0.555242390079,0.551141166526,0.572452407615,1016.41193749
4840,0.078358726987,0.0783495044716,0.0764873430091,0.762793269065,0.762714206744,0.769596462134,0.560583754721,0.561430395913,0.578308377175,1018.49183865
4850,0.0786640510033,0.0790810107034,0.0767597302778,0.754811513078,0.756357103372,0.764068546158,0.551680566085,0.558256076171,0.574051896208,1020.51528448
4860,0.0780506659744,0.0780341014645,0.0758474510711,0.765350195225,0.764096185738,0.771697070205,0.545600535296,0.549247425403,0.562036055143,1022.56754232
4870,0.0733295321375,0.0742488478815,0.0718120556677,0.796447945821,0.792564953013,0.801326699834,0.549514414621,0.541399327834,0.563304981774,1024.57633088
4880,0.0740720635351,0.0748686913684,0.0727434196486,0.793856466604,0.790630182421,0.798120508568,0.555572109654,0.546814238708,0.568321513002,1026.68234742
4890,0.0761863031024,0.0764042103587,0.0739591925396,0.782142980547,0.783029297955,0.789828634605,0.544469330251,0.550915331808,0.565286988338,1028.76474542
4900,0.0740033870734,0.0751116356621,0.0724035075539,0.788984485678,0.784687672747,0.793366500829,0.556982227058,0.549710982659,0.57162502865,1030.94191001
4910,0.0760091846037,0.0767006767554,0.0740952491065,0.80111260841,0.798922056385,0.8045328911,0.545339652449,0.542020774315,0.558,1033.00162227
4920,0.0753825244899,0.0767248135145,0.0732137067614,0.802010987872,0.798922056385,0.808402432283,0.543717152413,0.53853472883,0.561598785732,1035.10794323
4930,0.0754398659374,0.0767122338684,0.07312705971,0.795204035797,0.793946932007,0.800773908237,0.54571932245,0.544732824427,0.562408936377,1037.18217226
4940,0.0748313491516,0.0764439001509,0.07347063304,0.795238588853,0.790353786622,0.796241017137,0.514977901457,0.503436988543,0.523895634203,1039.28896146
4950,0.0758591998932,0.0772940959451,0.0744128197209,0.785356414775,0.78399668325,0.791265892758,0.542158018868,0.53934571176,0.556182416549,1041.34616476
4960,0.0736088563118,0.0747181560395,0.0721677769179,0.797760961957,0.796987285793,0.801216141515,0.534404581974,0.534979423868,0.549599198397,1043.45274301
4970,0.0735838773691,0.075166393804,0.0721465457501,0.796309733596,0.794223327805,0.79988944168,0.534617510066,0.530728017649,0.546820230346,1045.5343583
4980,0.072170972245,0.073159072125,0.0705492126122,0.798590235306,0.795328911001,0.803316749585,0.548034426611,0.540775193798,0.561065877128,1047.5932744
4990,0.0725584994653,0.0732495901565,0.0709583039387,0.799903251443,0.796572692095,0.803095632946,0.543332544752,0.538847117794,0.557075354389,1049.77032255
5000,0.0751630905386,0.0763188389892,0.0741621810064,0.789882865139,0.791044776119,0.791487009397,0.516267600032,0.52,0.527081243731,1051.86935189
